time,valence,frustration,focus,excitement,lat,lon
2017-03-10T11:30:20,0,0,48.372097,0,,
2017-03-10T11:30:21,0,0,48.372097,0,,
2017-03-10T11:30:22,0,0,48.372097,0,,
2017-03-10T11:30:23,0,0,30.69767,0.9302292,55.948013,-3.194621
2017-03-10T11:30:24,0,0,31.162796,5.581398,,
2017-03-10T11:30:25,0,0,31.162796,11.162796,,
2017-03-10T11:30:26,0,0,32.093025,27.906975,,
2017-03-10T11:30:27,46.046513,0,33.488373,53.95349,,
2017-03-10T11:30:28,66.976746,0,36.27907,86.04651,,
2017-03-10T11:30:29,79.53488,0,17.209305,100,,
2017-03-10T11:30:30,83.72093,70.69768,44.186043,100,,
2017-03-10T11:30:31,88.83721,86.04651,51.627907,100,,
2017-03-10T11:30:32,90.69768,100,58.139534,100,,
2017-03-10T11:30:33,95.81395,100,45.11628,100,,
2017-03-10T11:30:34,100,100,46.511627,100,,
2017-03-10T11:30:35,100,100,47.90698,97.209305,,
2017-03-10T11:30:36,100,100,64.65116,97.209305,,
2017-03-10T11:30:37,100,100,65.5814,93.95349,,
2017-03-10T11:30:38,100,93.48837,64.65116,95.34884,55.948016,-3.194508
2017-03-10T11:30:39,100,92.558136,66.04651,94.88372,,
2017-03-10T11:30:40,100,92.093025,54.418606,89.30232,,
2017-03-10T11:30:41,100,91.62791,56.279068,94.88372,,
2017-03-10T11:30:42,100,91.16279,57.67442,94.88372,,
2017-03-10T11:30:43,100,91.16279,68.83721,69.30232,,
2017-03-10T11:30:44,100,90.69768,69.76744,72.558136,,
2017-03-10T11:30:45,100,90.69768,58.604652,66.51163,55.948115,-3.194700
2017-03-10T11:30:46,100,90.23256,59.53488,66.51163,,
2017-03-10T11:30:47,100,90.23256,71.16279,56.744186,,
2017-03-10T11:30:48,100,90.23256,59.53488,51.162792,,
2017-03-10T11:30:49,100,90.23256,60,48.837208,,
2017-03-10T11:30:50,100,90.23256,60.465115,52.55814,,
2017-03-10T11:30:51,100,89.76744,60.465115,49.302326,,
2017-03-10T11:30:52,100,89.76744,60.930233,46.976746,,
2017-03-10T11:30:53,100,89.76744,60.930233,45.581394,55.948103,-3.194518
2017-03-10T11:30:54,100,89.76744,61.39535,52.55814,,
2017-03-10T11:30:55,100,89.76744,62.32558,62.7907,,
2017-03-10T11:30:56,100,89.76744,63.72093,78.139534,,
2017-03-10T11:30:57,100,89.76744,64.65116,83.25581,,
2017-03-10T11:30:58,100,89.76744,77.209305,87.441864,,
2017-03-10T11:30:59,100,89.76744,66.51163,83.72093,,
2017-03-10T11:31:00,100,89.76744,67.441864,85.11628,,
2017-03-10T11:31:01,100,89.76744,68.37209,92.558136,55.947837,-3.194395
2017-03-10T11:31:02,100,89.76744,69.30232,93.023254,,
2017-03-10T11:31:03,100,89.76744,69.76744,81.39535,,
2017-03-10T11:31:04,100,89.76744,69.76744,73.48837,,
2017-03-10T11:31:05,100,89.76744,69.30232,60.930233,,
2017-03-10T11:31:06,100,89.76744,68.83721,52.09302,,
2017-03-10T11:31:07,100,89.76744,68.83721,47.441856,,
2017-03-10T11:31:08,100,89.76744,68.83721,47.90698,55.948363,-3.194549
2017-03-10T11:31:09,100,89.76744,68.37209,45.11628,,
2017-03-10T11:31:10,100,89.76744,67.906975,42.32558,,
2017-03-10T11:31:11,100,89.76744,67.441864,39.069767,,
2017-03-10T11:31:12,100,89.76744,67.441864,40.46512,,
2017-03-10T11:31:13,100,89.76744,67.441864,41.395348,,
2017-03-10T11:31:14,100,89.76744,66.976746,44.65116,,
2017-03-10T11:31:15,100,89.76744,66.976746,44.186043,,
2017-03-10T11:31:16,100,89.76744,66.51163,39.069767,,
2017-03-10T11:31:17,100,89.76744,66.04651,37.2093,,
2017-03-10T11:31:18,100,89.76744,65.5814,42.7907,55.948360,-3.194460
2017-03-10T11:31:19,100,89.76744,66.04651,51.162792,,
2017-03-10T11:31:20,100,89.76744,65.5814,52.55814,,
2017-03-10T11:31:21,100,89.76744,65.5814,52.55814,,
2017-03-10T11:31:22,100,89.76744,65.11628,48.372097,,
2017-03-10T11:31:23,100,89.76744,64.65116,48.372097,,
2017-03-10T11:31:24,100,89.76744,64.18605,44.186043,,
2017-03-10T11:31:25,100,89.76744,63.72093,38.604652,,
2017-03-10T11:31:26,100,89.76744,62.7907,35.81395,,
2017-03-10T11:31:27,100,89.76744,62.32558,37.2093,,
2017-03-10T11:31:28,100,89.76744,62.32558,47.441856,,
2017-03-10T11:31:29,100,89.76744,63.255814,66.976746,,
2017-03-10T11:31:30,100,89.76744,64.18605,85.5814,,
2017-03-10T11:31:31,100,89.76744,65.11628,91.62791,,
2017-03-10T11:31:32,100,89.76744,65.11628,83.25581,,
2017-03-10T11:31:33,100,89.76744,65.11628,82.790695,,
2017-03-10T11:31:34,100,89.76744,65.11628,71.62791,55.948648,-3.194503
2017-03-10T11:31:35,100,89.76744,65.11628,68.37209,,
2017-03-10T11:31:36,100,89.76744,64.65116,60.930233,,
2017-03-10T11:31:37,100,89.76744,64.18605,53.95349,,
2017-03-10T11:31:38,100,89.76744,64.18605,53.95349,55.948543,-3.194343
2017-03-10T11:31:39,100,89.76744,63.255814,43.720932,,
2017-03-10T11:31:40,100,89.76744,62.7907,37.67442,,
2017-03-10T11:31:41,100,89.76744,61.860466,28.837212,,
2017-03-10T11:31:42,100,89.76744,60.930233,25.581398,,
2017-03-10T11:31:43,100,89.76744,60,22.325584,,
2017-03-10T11:31:44,100,89.76744,59.069767,18.139534,,
2017-03-10T11:31:45,100,89.76744,58.604652,14.88372,,
2017-03-10T11:31:46,100,89.76744,58.139534,14.88372,,
2017-03-10T11:31:47,100,89.76744,57.2093,13.023254,,
2017-03-10T11:31:48,100,89.76744,55.813953,7.9069824,,
2017-03-10T11:31:49,100,89.76744,54.88372,6.511627,55.948758,-3.194108
2017-03-10T11:31:50,100,89.76744,53.95349,4.651169,,
2017-03-10T11:31:51,100,89.76744,53.48837,6.046509,,
2017-03-10T11:31:52,100,89.76744,52.55814,10.697678,,
2017-03-10T11:31:53,100,89.76744,52.55814,16.744186,55.948594,-3.194064
2017-03-10T11:31:54,100,89.76744,52.09302,25.581398,,
2017-03-10T11:31:55,100,89.76744,52.09302,27.906975,,
2017-03-10T11:31:56,100,89.76744,51.627907,28.837212,,
2017-03-10T11:31:57,100,89.76744,51.162792,28.837212,,
2017-03-10T11:31:58,100,89.76744,50.697674,24.651161,,
2017-03-10T11:31:59,100,89.76744,50.23256,24.651161,,
2017-03-10T11:32:00,100,89.76744,49.76744,22.790703,,
2017-03-10T11:32:01,100,89.76744,49.302326,20.465118,,
2017-03-10T11:32:02,100,89.76744,48.372097,16.744186,,
2017-03-10T11:32:03,100,89.76744,48.372097,17.674416,,
2017-03-10T11:32:04,100,89.76744,47.441856,15.81395,55.948557,-3.193952
2017-03-10T11:32:05,100,89.76744,46.976746,12.558136,,
2017-03-10T11:32:06,100,89.76744,46.511627,12.558136,,
2017-03-10T11:32:07,100,89.76744,46.046513,10.697678,,
2017-03-10T11:32:08,100,89.76744,45.581394,9.302322,55.948594,-3.194064
2017-03-10T11:32:09,100,89.76744,44.65116,9.302322,,
2017-03-10T11:32:10,100,89.76744,44.186043,6.046509,,
2017-03-10T11:32:11,100,89.76744,43.255814,2.7906952,,
2017-03-10T11:32:12,100,89.76744,42.7907,0.9302292,,
2017-03-10T11:32:13,100,89.76744,41.860466,0,,
2017-03-10T11:32:14,100,89.76744,41.395348,0.4651184,,
2017-03-10T11:32:15,100,89.76744,40.930237,0,,
2017-03-10T11:32:16,100,89.76744,40.46512,0,,
2017-03-10T11:32:17,100,89.76744,39.534885,0,,
2017-03-10T11:32:18,100,89.76744,39.069767,0,,
2017-03-10T11:32:19,100,89.76744,38.604652,0,55.948832,-3.193583
2017-03-10T11:32:20,100,89.76744,38.139534,0,,
2017-03-10T11:32:21,100,89.76744,37.67442,0,,
2017-03-10T11:32:22,100,89.76744,37.2093,0,,
2017-03-10T11:32:23,100,89.76744,36.27907,0,55.948737,-3.193569
2017-03-10T11:32:24,100,89.76744,35.81395,0,,
2017-03-10T11:32:25,100,89.76744,35.34884,0,,
2017-03-10T11:32:26,100,89.76744,34.88372,0,,
2017-03-10T11:32:27,100,89.76744,34.88372,0,,
2017-03-10T11:32:28,100,89.76744,34.41861,1.3953476,,
2017-03-10T11:32:29,100,89.76744,33.95349,3.2558136,,
2017-03-10T11:32:30,100,89.76744,33.488373,2.3255844,,
2017-03-10T11:32:31,100,89.76744,33.95349,8.837212,,
2017-03-10T11:32:32,100,89.76744,33.488373,8.837212,,
2017-03-10T11:32:33,100,89.76744,33.488373,9.302322,,
2017-03-10T11:32:34,100,89.76744,33.488373,9.302322,,
2017-03-10T11:32:35,100,89.76744,33.023254,9.302322,55.949105,-3.193237
2017-03-10T11:32:36,100,89.76744,33.023254,8.837212,,
2017-03-10T11:32:37,100,89.76744,33.023254,8.837212,,
2017-03-10T11:32:38,100,89.76744,33.023254,6.511627,55.948650,-3.193559
2017-03-10T11:32:39,100,89.76744,32.558136,6.511627,,
2017-03-10T11:32:40,100,89.76744,32.558136,3.720932,,
2017-03-10T11:32:41,100,89.76744,32.558136,3.720932,,
2017-03-10T11:32:42,100,89.76744,32.093025,3.720932,,
2017-03-10T11:32:43,100,89.76744,32.093025,3.2558136,,
2017-03-10T11:32:44,100,89.76744,32.093025,3.720932,,
2017-03-10T11:32:45,100,89.76744,32.093025,3.720932,,
2017-03-10T11:32:46,100,89.76744,31.627907,3.2558136,,
2017-03-10T11:32:47,100,89.76744,31.627907,3.2558136,,
2017-03-10T11:32:48,100,89.76744,31.627907,2.3255844,,
2017-03-10T11:32:49,100,89.76744,31.627907,2.3255844,,
2017-03-10T11:32:50,100,89.76744,31.162796,1.3953476,55.947828,-3.193123
2017-03-10T11:32:51,100,89.76744,31.162796,0,,
2017-03-10T11:32:52,100,89.76744,31.162796,0,,
2017-03-10T11:32:53,100,89.76744,30.69767,0,55.948552,-3.194002
2017-03-10T11:32:54,100,89.76744,30.69767,0,,
2017-03-10T11:32:55,100,89.76744,30.69767,0,,
2017-03-10T11:32:56,100,89.76744,30.23256,0,,
2017-03-10T11:32:57,100,89.76744,30.23256,0,,
2017-03-10T11:32:58,100,89.76744,30.23256,0,,
2017-03-10T11:32:59,100,89.76744,30.23256,0,,
2017-03-10T11:33:00,100,89.76744,29.76744,0,,
2017-03-10T11:33:01,100,89.76744,29.76744,0,,
2017-03-10T11:33:02,100,89.76744,29.76744,1.3953476,,
2017-03-10T11:33:03,100,89.76744,29.76744,1.3953476,55.948538,-3.192848
2017-03-10T11:33:04,100,89.76744,29.76744,0.9302292,,
2017-03-10T11:33:05,100,89.76744,29.76744,4.186043,,
2017-03-10T11:33:06,100,89.76744,30.23256,12.558136,,
2017-03-10T11:33:07,100,89.76744,31.162796,20,,
2017-03-10T11:33:08,100,89.76744,31.627907,21.860466,55.948743,-3.193342
2017-03-10T11:33:09,100,89.76744,32.093025,23.720932,,
2017-03-10T11:33:10,100,89.76744,32.558136,23.720932,,
2017-03-10T11:33:11,100,89.76744,32.558136,21.860466,,
2017-03-10T11:33:12,100,89.76744,33.023254,21.395348,,
2017-03-10T11:33:13,100,89.76744,33.023254,21.395348,,
2017-03-10T11:33:14,100,89.76744,33.488373,21.395348,,
2017-03-10T11:33:15,100,89.76744,33.95349,20,,
2017-03-10T11:33:16,100,89.76744,33.95349,20,,
2017-03-10T11:33:17,100,89.76744,34.41861,22.325584,55.948547,-3.192505
2017-03-10T11:33:18,100,89.76744,35.34884,31.627907,,
2017-03-10T11:33:19,100,89.76744,36.744183,50.697674,,
2017-03-10T11:33:20,100,89.76744,38.604652,66.976746,,
2017-03-10T11:33:21,100,89.76744,39.999996,70.69768,,
2017-03-10T11:33:22,100,89.76744,41.395348,79.06976,,
2017-03-10T11:33:23,100,89.76744,42.7907,76.74419,55.948848,-3.192671
2017-03-10T11:33:24,100,89.76744,44.186043,82.32558,,
2017-03-10T11:33:25,100,89.76744,45.11628,80.46512,,
2017-03-10T11:33:26,100,89.76744,46.511627,82.790695,,
2017-03-10T11:33:27,100,89.76744,47.441856,77.67442,,
2017-03-10T11:33:28,100,89.76744,49.302326,84.18604,,
2017-03-10T11:33:29,100,89.76744,49.76744,75.81395,,
2017-03-10T11:33:30,100,89.76744,50.697674,69.30232,,
2017-03-10T11:33:31,100,89.76744,51.162792,65.5814,,
2017-03-10T11:33:32,100,89.76744,52.09302,65.5814,,
2017-03-10T11:33:33,100,89.76744,52.55814,59.53488,,
2017-03-10T11:33:34,100,89.76744,52.55814,51.162792,,
2017-03-10T11:33:35,100,89.76744,53.023254,50.697674,,
2017-03-10T11:33:36,100,89.76744,53.48837,50.23256,,
2017-03-10T11:33:37,100,89.76744,53.95349,52.55814,55.948622,-3.192552
2017-03-10T11:33:38,100,89.76744,54.88372,63.72093,55.948850,-3.192558
2017-03-10T11:33:39,100,89.76744,56.279068,68.37209,,
2017-03-10T11:33:40,100,89.76744,57.2093,74.88372,,
2017-03-10T11:33:41,100,89.76744,57.67442,72.558136,,
2017-03-10T11:33:42,100,89.76744,58.604652,70.69768,,
2017-03-10T11:33:43,100,89.76744,59.53488,74.4186,,
2017-03-10T11:33:44,100,89.76744,60,66.51163,,
2017-03-10T11:33:45,100,89.76744,60.465115,63.255814,,
2017-03-10T11:33:46,100,89.76744,60.465115,60.465115,,
2017-03-10T11:33:47,100,89.76744,61.39535,63.255814,,
2017-03-10T11:33:48,100,89.76744,61.39535,54.88372,,
2017-03-10T11:33:49,100,89.76744,61.860466,58.604652,,
2017-03-10T11:33:50,100,89.76744,62.32558,60.465115,,
2017-03-10T11:33:51,100,89.76744,62.7907,64.65116,,
2017-03-10T11:33:52,100,89.76744,63.72093,71.16279,,
2017-03-10T11:33:53,100,89.76744,64.65116,74.4186,,
2017-03-10T11:33:54,100,89.76744,65.11628,71.62791,55.949345,-3.192943
2017-03-10T11:33:55,100,89.76744,65.11628,67.441864,,
2017-03-10T11:33:56,100,89.76744,65.5814,68.37209,,
2017-03-10T11:33:57,100,89.76744,65.5814,62.32558,,
2017-03-10T11:33:58,100,89.76744,65.5814,58.139534,,
2017-03-10T11:33:59,100,89.76744,66.04651,58.604652,,
2017-03-10T11:34:00,100,89.76744,66.04651,58.604652,,
2017-03-10T11:34:01,100,89.76744,66.51163,66.976746,,
2017-03-10T11:34:02,100,89.76744,66.976746,65.5814,,
2017-03-10T11:34:03,100,89.76744,66.51163,56.744186,,
2017-03-10T11:34:04,100,89.76744,66.51163,53.95349,,
2017-03-10T11:34:05,100,89.76744,66.04651,51.627907,,
2017-03-10T11:34:06,100,89.76744,66.04651,52.55814,,
2017-03-10T11:34:07,100,89.76744,66.04651,47.441856,,
2017-03-10T11:34:08,100,89.76744,65.5814,42.32558,55.948836,-3.193125
2017-03-10T11:34:09,100,89.76744,65.11628,41.860466,,
2017-03-10T11:34:10,100,89.76744,64.65116,38.139534,,
2017-03-10T11:34:11,100,89.76744,63.72093,32.558136,,
2017-03-10T11:34:12,100,89.76744,63.255814,30.69767,55.949227,-3.193165
2017-03-10T11:34:13,100,89.76744,62.7907,35.34884,,
2017-03-10T11:34:14,100,89.76744,63.255814,44.65116,,
2017-03-10T11:34:15,100,89.76744,63.72093,61.39535,,
2017-03-10T11:34:16,100,89.76744,63.72093,61.860466,,
2017-03-10T11:34:17,100,89.76744,75.81395,73.023254,,
2017-03-10T11:34:18,100,89.76744,65.11628,76.74419,,
2017-03-10T11:34:19,100,89.76744,76.27907,83.72093,,
2017-03-10T11:34:20,100,89.76744,66.04651,84.65116,,
2017-03-10T11:34:21,100,89.76744,66.976746,89.76744,,
2017-03-10T11:34:22,100,89.76744,66.976746,88.37209,,
2017-03-10T11:34:23,100,89.76744,67.441864,80.93024,,
2017-03-10T11:34:24,100,89.76744,66.976746,70.23256,,
2017-03-10T11:34:25,100,89.76744,66.976746,65.5814,,
2017-03-10T11:34:26,100,89.76744,66.51163,63.255814,,
2017-03-10T11:34:27,100,89.76744,66.04651,55.813953,,
2017-03-10T11:34:28,100,89.76744,65.5814,50.23256,,
2017-03-10T11:34:29,100,89.76744,65.11628,43.720932,,
2017-03-10T11:34:30,100,89.76744,64.65116,39.069767,,
2017-03-10T11:34:31,100,89.76744,64.18605,36.744183,,
2017-03-10T11:34:32,100,89.76744,63.72093,33.488373,,
2017-03-10T11:34:33,100,89.76744,63.255814,34.88372,,
2017-03-10T11:34:34,100,89.76744,62.7907,37.67442,,
2017-03-10T11:34:35,100,89.76744,62.7907,45.11628,55.949238,-3.193528
2017-03-10T11:34:36,100,89.76744,62.7907,44.65116,,
2017-03-10T11:34:37,100,89.76744,62.7907,53.95349,,
2017-03-10T11:34:38,96.27907,89.76744,63.255814,61.860466,,
2017-03-10T11:34:39,97.674416,89.76744,63.255814,63.255814,,
2017-03-10T11:34:40,100,89.76744,63.255814,63.255814,55.949396,-3.193364
2017-03-10T11:34:41,100,89.76744,63.72093,64.18605,,
2017-03-10T11:34:42,100,89.76744,63.72093,63.255814,,
2017-03-10T11:34:43,100,89.76744,63.255814,54.88372,,
2017-03-10T11:34:44,100,89.76744,63.255814,54.88372,,
2017-03-10T11:34:45,100,89.76744,62.7907,49.302326,,
2017-03-10T11:34:46,100,89.76744,62.32558,43.255814,,
2017-03-10T11:34:47,100,89.76744,61.860466,41.395348,,
2017-03-10T11:34:48,97.674416,89.76744,61.39535,40.930237,55.948775,-3.192953
2017-03-10T11:34:49,97.674416,89.76744,61.39535,39.999996,,
2017-03-10T11:34:50,98.139534,89.76744,60,27.906975,,
2017-03-10T11:34:51,96.27907,89.76744,59.53488,25.581398,,
2017-03-10T11:34:52,95.34884,89.76744,59.069767,26.511627,,
2017-03-10T11:34:53,97.674416,89.76744,58.604652,26.511627,,
2017-03-10T11:34:54,100,89.76744,58.604652,38.604652,55.949396,-3.193364
2017-03-10T11:34:55,97.209305,89.76744,59.069767,48.372097,,
2017-03-10T11:34:56,91.62791,89.76744,59.53488,60.465115,,
2017-03-10T11:34:57,90.23256,89.76744,59.069767,53.95349,,
2017-03-10T11:34:58,94.4186,89.76744,59.53488,57.2093,,
2017-03-10T11:34:59,97.209305,89.76744,59.53488,57.2093,,
2017-03-10T11:35:00,96.27907,89.76744,59.069767,50.23256,,
2017-03-10T11:35:01,95.34884,89.76744,58.604652,41.860466,55.949135,-3.193490
2017-03-10T11:35:02,92.093025,89.76744,58.604652,41.860466,,
2017-03-10T11:35:03,96.74419,89.76744,58.139534,34.41861,,
2017-03-10T11:35:04,100,89.76744,56.744186,24.186043,,
2017-03-10T11:35:05,99.53488,89.76744,55.813953,16.744186,,
2017-03-10T11:35:06,95.81395,89.76744,55.34884,14.88372,,
2017-03-10T11:35:07,94.4186,89.76744,54.88372,17.209305,,
2017-03-10T11:35:08,92.558136,89.76744,54.88372,29.76744,55.949360,-3.193074
2017-03-10T11:35:09,88.83721,89.76744,56.279068,57.67442,,
2017-03-10T11:35:10,86.51163,89.76744,56.744186,64.18605,,
2017-03-10T11:35:11,83.72093,89.76744,57.2093,74.4186,,
2017-03-10T11:35:12,85.11628,89.76744,57.67442,73.48837,,
2017-03-10T11:35:13,89.76744,89.76744,58.139534,73.023254,,
2017-03-10T11:35:14,93.023254,89.76744,58.139534,61.860466,,
2017-03-10T11:35:15,94.4186,89.76744,57.67442,55.813953,,
2017-03-10T11:35:16,93.95349,89.76744,57.2093,44.186043,,
2017-03-10T11:35:17,92.093025,89.76744,57.2093,44.186043,,
2017-03-10T11:35:18,92.093025,89.76744,57.2093,44.186043,,
2017-03-10T11:35:19,93.48837,89.76744,56.279068,33.488373,55.949598,-3.193905
2017-03-10T11:35:20,96.74419,89.76744,55.34884,21.395348,,
2017-03-10T11:35:21,93.95349,89.76744,54.418606,19.069763,,
2017-03-10T11:35:22,93.48837,89.76744,53.95349,14.418602,,
2017-03-10T11:35:23,100,89.76744,53.023254,10.697678,55.949282,-3.192723
2017-03-10T11:35:24,100,89.76744,52.09302,10.697678,,
2017-03-10T11:35:25,99.06977,89.76744,51.627907,6.046509,,
2017-03-10T11:35:26,100,89.76744,50.697674,4.651169,,
2017-03-10T11:35:27,93.95349,89.76744,49.76744,3.720932,,
2017-03-10T11:35:28,86.04651,89.76744,49.302326,3.720932,,
2017-03-10T11:35:29,90.23256,89.76744,48.372097,3.720932,,
2017-03-10T11:35:30,100,89.76744,47.90698,3.720932,,
2017-03-10T11:35:31,99.53488,89.76744,46.976746,1.3953476,,
2017-03-10T11:35:32,95.34884,89.76744,46.511627,2.3255844,,
2017-03-10T11:35:33,93.023254,89.76744,45.581394,2.3255844,,
2017-03-10T11:35:34,94.88372,89.76744,45.11628,1.3953476,,
2017-03-10T11:35:35,96.27907,89.76744,44.186043,1.3953476,,
2017-03-10T11:35:36,92.558136,89.76744,43.720932,1.3953476,,
2017-03-10T11:35:37,90.69768,89.76744,42.7907,0,,
2017-03-10T11:35:38,91.16279,89.76744,42.32558,0.9302292,55.949375,-3.193413
2017-03-10T11:35:39,89.30232,89.76744,41.860466,0.9302292,,
2017-03-10T11:35:40,87.441864,89.76744,40.930237,0.4651184,,
2017-03-10T11:35:41,89.76744,89.76744,40.46512,0,,
2017-03-10T11:35:42,91.16279,89.76744,39.999996,0,,
2017-03-10T11:35:43,93.023254,89.76744,39.534885,0,,
2017-03-10T11:35:44,97.209305,89.76744,39.069767,0,,
2017-03-10T11:35:45,93.48837,89.76744,38.139534,0,,
2017-03-10T11:35:46,90.69768,89.76744,37.67442,0,,
2017-03-10T11:35:47,86.51163,89.76744,37.67442,7.9069824,55.948808,-3.194407
2017-03-10T11:35:48,82.32558,89.76744,37.67442,7.9069824,,
2017-03-10T11:35:49,80.46512,89.76744,37.2093,7.9069824,,
2017-03-10T11:35:50,79.53488,89.76744,37.2093,7.9069824,,
2017-03-10T11:35:51,80.46512,89.76744,36.744183,6.511627,,
2017-03-10T11:35:52,81.39535,89.76744,35.81395,3.720932,,
2017-03-10T11:35:53,85.11628,89.76744,35.34884,0,55.949342,-3.193756
2017-03-10T11:35:54,88.37209,89.76744,35.34884,3.2558136,,
2017-03-10T11:35:55,87.441864,89.76744,34.88372,1.3953476,,
2017-03-10T11:35:56,87.906975,89.76744,34.41861,0,,
2017-03-10T11:35:57,86.976746,89.76744,33.95349,0,,
2017-03-10T11:35:58,82.790695,89.76744,33.488373,2.7906952,,
2017-03-10T11:35:59,80,89.76744,33.95349,9.302322,,
2017-03-10T11:36:00,79.06976,89.76744,33.488373,9.767441,,
2017-03-10T11:36:01,79.06976,89.76744,33.488373,9.767441,,
2017-03-10T11:36:02,80.46512,89.76744,33.488373,8.837212,,
2017-03-10T11:36:03,83.72093,89.76744,33.023254,4.186043,55.949040,-3.193038
2017-03-10T11:36:04,85.11628,89.76744,33.023254,10.232559,,
2017-03-10T11:36:05,82.32558,89.76744,33.488373,18.139534,,
2017-03-10T11:36:06,80,89.76744,33.95349,24.186043,,
2017-03-10T11:36:07,77.209305,89.76744,33.95349,23.720932,,
2017-03-10T11:36:08,77.209305,89.76744,33.95349,21.860466,55.949839,-3.193075
2017-03-10T11:36:09,80.46512,89.76744,33.95349,17.674416,,
2017-03-10T11:36:10,81.39535,89.76744,33.488373,13.023254,,
2017-03-10T11:36:11,81.39535,89.76744,33.95349,17.674416,,
2017-03-10T11:36:12,81.860466,89.76744,34.41861,21.860466,,
2017-03-10T11:36:13,82.790695,89.76744,34.41861,19.53489,,
2017-03-10T11:36:14,84.65116,89.76744,34.41861,19.069763,,
2017-03-10T11:36:15,90.69768,89.76744,34.41861,19.069763,,
2017-03-10T11:36:16,97.674416,89.76744,34.41861,17.674416,,
2017-03-10T11:36:17,97.209305,89.76744,34.41861,13.953491,,
2017-03-10T11:36:18,92.558136,89.76744,34.88372,13.953491,55.950093,-3.193518
2017-03-10T11:36:19,87.906975,89.76744,34.41861,11.162796,,
2017-03-10T11:36:20,88.83721,89.76744,34.41861,8.372093,,
2017-03-10T11:36:21,85.5814,89.76744,34.88372,11.162796,,
2017-03-10T11:36:22,78.139534,89.76744,35.34884,19.069763,,
2017-03-10T11:36:23,73.48837,89.76744,35.34884,19.069763,55.949839,-3.193075
2017-03-10T11:36:24,72.558136,89.76744,35.81395,18.139534,,
2017-03-10T11:36:25,75.34884,89.76744,35.81395,21.860466,,
2017-03-10T11:36:26,75.34884,89.76744,36.744183,29.302322,,
2017-03-10T11:36:27,73.95349,89.76744,37.67442,36.27907,,
2017-03-10T11:36:28,72.558136,89.76744,39.069767,53.023254,,
2017-03-10T11:36:29,69.76744,89.76744,40.930237,74.88372,,
2017-03-10T11:36:30,68.37209,89.76744,43.255814,91.62791,,
2017-03-10T11:36:31,70.23256,89.76744,44.65116,93.48837,55.950402,-3.193247
2017-03-10T11:36:32,72.09302,89.76744,46.511627,100,,
2017-03-10T11:36:33,73.023254,89.76744,47.441856,90.23256,,
2017-03-10T11:36:34,73.023254,89.76744,49.302326,94.4186,,
2017-03-10T11:36:35,71.16279,89.76744,50.697674,91.62791,,
2017-03-10T11:36:36,69.76744,89.76744,51.162792,81.39535,,
2017-03-10T11:36:37,70.69768,89.76744,52.55814,81.860466,55.949653,-3.193508
2017-03-10T11:36:38,72.558136,89.76744,53.023254,77.209305,55.949486,-3.193260
2017-03-10T11:36:39,74.88372,89.76744,53.95349,70.69768,,
2017-03-10T11:36:40,74.88372,89.76744,54.418606,62.7907,,
2017-03-10T11:36:41,75.34884,89.76744,53.95349,47.90698,,
2017-03-10T11:36:42,80.93024,89.76744,53.95349,40.930237,,
2017-03-10T11:36:43,86.51163,89.76744,53.95349,33.023254,,
2017-03-10T11:36:44,89.30232,89.76744,53.48837,30.23256,,
2017-03-10T11:36:45,88.83721,89.76744,53.48837,27.906975,,
2017-03-10T11:36:46,81.39535,89.76744,53.48837,31.162796,,
2017-03-10T11:36:47,74.88372,89.76744,54.418606,44.186043,,
2017-03-10T11:36:48,70.69768,89.76744,55.813953,66.04651,55.950445,-3.193143
2017-03-10T11:36:49,69.30232,89.76744,56.744186,72.09302,,
2017-03-10T11:36:50,68.37209,89.76744,57.67442,69.30232,,
2017-03-10T11:36:51,70.23256,89.76744,58.604652,74.4186,,
2017-03-10T11:36:52,74.88372,89.76744,59.069767,67.906975,,
2017-03-10T11:36:53,80,89.76744,59.069767,59.069767,,
2017-03-10T11:36:54,81.860466,89.76744,59.069767,59.069767,,
2017-03-10T11:36:55,84.18604,89.76744,59.53488,59.069767,,
2017-03-10T11:36:56,86.976746,89.76744,59.53488,49.302326,,
2017-03-10T11:36:57,91.16279,89.76744,59.069767,41.860466,,
2017-03-10T11:36:58,90.23256,89.76744,58.604652,33.023254,,
2017-03-10T11:36:59,85.5814,89.76744,58.139534,29.302322,,
2017-03-10T11:37:00,83.25581,89.76744,57.67442,25.11628,,
2017-03-10T11:37:01,81.860466,89.76744,57.67442,25.581398,,
2017-03-10T11:37:02,80.46512,89.76744,57.2093,24.186043,,
2017-03-10T11:37:03,82.32558,89.76744,56.744186,23.255814,,
2017-03-10T11:37:04,82.790695,89.76744,56.744186,24.651161,55.949675,-3.193600
2017-03-10T11:37:05,78.60465,89.76744,56.279068,28.837212,,
2017-03-10T11:37:06,75.34884,89.76744,56.279068,28.837212,,
2017-03-10T11:37:07,74.4186,89.76744,55.813953,24.186043,,
2017-03-10T11:37:08,75.34884,89.76744,54.88372,19.069763,,
2017-03-10T11:37:09,76.74419,89.76744,54.418606,15.81395,55.949695,-3.193570
2017-03-10T11:37:10,80.93024,89.76744,53.48837,12.558136,,
2017-03-10T11:37:11,81.860466,89.76744,53.023254,13.023254,,
2017-03-10T11:37:12,75.81395,89.76744,52.55814,11.627907,,
2017-03-10T11:37:13,75.81395,89.76744,52.09302,10.697678,,
2017-03-10T11:37:14,76.74419,89.76744,51.162792,9.302322,,
2017-03-10T11:37:15,75.81395,89.76744,50.697674,13.023254,,
2017-03-10T11:37:16,75.34884,89.76744,50.697674,16.279068,,
2017-03-10T11:37:17,74.4186,89.76744,50.697674,23.720932,,
2017-03-10T11:37:18,73.48837,89.76744,49.76744,20.465118,,
2017-03-10T11:37:19,75.34884,89.76744,49.76744,26.511627,55.949445,-3.193863
2017-03-10T11:37:20,73.48837,89.76744,49.76744,27.441856,,
2017-03-10T11:37:21,70.69768,89.76744,49.302326,24.651161,,
2017-03-10T11:37:22,70.69768,89.76744,48.837208,26.511627,,
2017-03-10T11:37:23,71.16279,89.76744,48.372097,22.325584,,
2017-03-10T11:37:24,70.23256,89.76744,47.90698,22.325584,55.949695,-3.193570
2017-03-10T11:37:25,73.023254,89.76744,47.90698,23.255814,,
2017-03-10T11:37:26,75.34884,89.76744,46.976746,18.139534,,
2017-03-10T11:37:27,75.81395,89.76744,46.511627,16.279068,,
2017-03-10T11:37:28,75.34884,89.76744,45.581394,13.023254,,
2017-03-10T11:37:29,75.34884,89.76744,45.11628,13.023254,,
2017-03-10T11:37:30,73.95349,89.76744,44.65116,11.627907,,
2017-03-10T11:37:31,74.4186,89.76744,43.720932,8.837212,,
2017-03-10T11:37:32,78.139534,89.76744,43.255814,8.372093,,
2017-03-10T11:37:33,75.34884,89.76744,42.7907,7.9069824,55.949355,-3.193080
2017-03-10T11:37:34,74.88372,89.76744,42.32558,7.9069824,,
2017-03-10T11:37:35,78.60465,89.76744,41.860466,5.581398,,
2017-03-10T11:37:36,83.25581,89.76744,40.930237,4.651169,,
2017-03-10T11:37:37,73.48837,89.76744,40.46512,4.651169,,
2017-03-10T11:37:38,70.69768,89.76744,40.46512,2.3255844,,
2017-03-10T11:37:39,67.441864,89.76744,39.534885,0,55.949653,-3.193508
2017-03-10T11:37:40,65.5814,89.76744,39.069767,0,,
2017-03-10T11:37:41,66.976746,89.76744,38.139534,0,,
2017-03-10T11:37:42,67.906975,89.76744,37.67442,0,,
2017-03-10T11:37:43,68.37209,89.76744,37.2093,0,,
2017-03-10T11:37:44,69.30232,89.76744,36.744183,0,,
2017-03-10T11:37:45,68.83721,89.76744,36.27907,0,,
2017-03-10T11:37:46,65.5814,89.76744,35.81395,0,,
2017-03-10T11:37:47,65.11628,89.76744,35.81395,0,,
2017-03-10T11:37:48,66.51163,89.76744,35.34884,0,,
2017-03-10T11:37:49,66.51163,89.76744,34.88372,0,,
2017-03-10T11:37:50,65.11628,89.76744,34.41861,0,,
2017-03-10T11:37:51,62.7907,89.76744,34.41861,0,,
2017-03-10T11:37:52,62.32558,89.76744,33.95349,0,55.950947,-3.193262
2017-03-10T11:37:53,62.32558,89.76744,33.488373,0,55.949614,-3.193333
2017-03-10T11:37:54,61.860466,89.76744,33.023254,0,,
2017-03-10T11:37:55,63.255814,89.76744,33.023254,0,,
2017-03-10T11:37:56,65.11628,89.76744,32.558136,0,,
2017-03-10T11:37:57,66.04651,89.76744,32.558136,0,,
2017-03-10T11:37:58,66.04651,89.76744,32.093025,0,,
2017-03-10T11:37:59,65.5814,89.76744,32.093025,0,,
2017-03-10T11:38:00,63.72093,89.76744,31.627907,0,,
2017-03-10T11:38:01,63.72093,89.76744,31.627907,0,,
2017-03-10T11:38:02,64.18605,89.76744,31.162796,0,,
2017-03-10T11:38:03,66.04651,89.76744,31.162796,0,,
2017-03-10T11:38:04,67.906975,89.76744,31.162796,0,,
2017-03-10T11:38:05,68.83721,89.76744,30.69767,0,,
2017-03-10T11:38:06,68.83721,89.76744,30.69767,0,,
2017-03-10T11:38:07,67.441864,89.76744,30.69767,0,,
2017-03-10T11:38:08,67.441864,89.76744,30.23256,0,,
2017-03-10T11:38:09,67.441864,89.76744,30.23256,0,,
2017-03-10T11:38:10,65.5814,89.76744,30.23256,0,,
2017-03-10T11:38:11,64.65116,89.76744,29.76744,0,,
2017-03-10T11:38:12,65.11628,89.76744,29.76744,0,55.949957,-3.193265
2017-03-10T11:38:13,63.72093,89.76744,29.76744,0,,
2017-03-10T11:38:14,61.39535,89.76744,29.76744,0.4651184,,
2017-03-10T11:38:15,60,89.76744,29.302322,0.4651184,,
2017-03-10T11:38:16,62.32558,89.76744,29.302322,0.4651184,,
2017-03-10T11:38:17,68.37209,89.76744,29.302322,0,,
2017-03-10T11:38:18,70.23256,89.76744,29.302322,0,,
2017-03-10T11:38:19,69.30232,89.76744,29.302322,0,55.950453,-3.193462
2017-03-10T11:38:20,69.76744,89.76744,28.837212,0,,
2017-03-10T11:38:21,70.23256,89.76744,28.837212,0,,
2017-03-10T11:38:22,71.62791,89.76744,28.837212,0,,
2017-03-10T11:38:23,71.62791,89.76744,28.837212,0,,
2017-03-10T11:38:24,71.62791,89.76744,28.837212,0,55.949450,-3.192971
2017-03-10T11:38:25,70.23256,89.76744,28.837212,0,,
2017-03-10T11:38:26,68.83721,89.76744,28.837212,0,,
2017-03-10T11:38:27,69.76744,89.76744,28.372093,0,,
2017-03-10T11:38:28,68.83721,89.76744,28.372093,0,,
2017-03-10T11:38:29,66.51163,89.76744,28.372093,0,,
2017-03-10T11:38:30,68.37209,89.76744,28.372093,0,,
2017-03-10T11:38:31,70.23256,89.76744,28.372093,0,55.949310,-3.192867
2017-03-10T11:38:32,68.83721,89.76744,28.372093,0,,
2017-03-10T11:38:33,66.51163,89.76744,28.372093,0,,
2017-03-10T11:38:34,66.04651,89.76744,28.372093,0,,
2017-03-10T11:38:35,66.51163,89.76744,28.372093,0,,
2017-03-10T11:38:36,67.441864,89.76744,28.372093,0,,
2017-03-10T11:38:37,68.37209,89.76744,28.372093,0,,
2017-03-10T11:38:38,69.30232,89.76744,28.372093,0,,
2017-03-10T11:38:39,70.23256,89.76744,28.372093,0,55.949450,-3.192971
2017-03-10T11:38:40,71.62791,89.76744,28.372093,0,,
2017-03-10T11:38:41,72.558136,89.76744,28.372093,0,,
2017-03-10T11:38:42,72.09302,89.76744,39.999996,0.9302292,,
2017-03-10T11:38:43,66.51163,89.76744,39.999996,8.837212,,
2017-03-10T11:38:44,59.53488,75.34884,36.27907,25.11628,,
2017-03-10T11:38:45,56.279068,71.16279,34.88372,36.27907,,
2017-03-10T11:38:46,52.55814,63.255814,33.023254,50.697674,55.949553,-3.192852
2017-03-10T11:38:47,50.23256,56.744186,32.558136,53.48837,,
2017-03-10T11:38:48,49.302326,52.09302,34.41861,62.32558,,
2017-03-10T11:38:49,49.302326,48.837208,32.093025,74.4186,,
2017-03-10T11:38:50,49.76744,46.046513,32.558136,86.51163,,
2017-03-10T11:38:51,51.627907,53.48837,37.2093,90.23256,,
2017-03-10T11:38:52,51.162792,56.744186,39.999996,85.11628,,
2017-03-10T11:38:53,50.697674,57.2093,41.395348,80,,
2017-03-10T11:38:54,50.697674,54.88372,41.860466,73.95349,55.949450,-3.192971
2017-03-10T11:38:55,50.23256,51.162792,41.395348,64.18605,,
2017-03-10T11:38:56,49.302326,49.302326,40.930237,57.67442,,
2017-03-10T11:38:57,49.76744,45.581394,39.999996,49.76744,,
2017-03-10T11:38:58,49.302326,40.930237,38.604652,41.395348,,
2017-03-10T11:38:59,47.90698,35.81395,37.2093,39.534885,,
2017-03-10T11:39:00,47.441856,33.023254,35.81395,38.139534,55.949852,-3.193180
2017-03-10T11:39:01,47.90698,31.162796,34.88372,30.69767,,
2017-03-10T11:39:02,49.302326,28.837212,34.41861,30.69767,,
2017-03-10T11:39:03,50.23256,28.372093,34.88372,30.69767,,
2017-03-10T11:39:04,48.837208,100,60.930233,29.76744,,
2017-03-10T11:39:05,56.279068,100,47.441856,49.302326,,
2017-03-10T11:39:06,93.95349,100,63.72093,56.744186,,
2017-03-10T11:39:07,100,100,64.18605,54.88372,,
2017-03-10T11:39:08,95.34884,100,49.76744,50.23256,,
2017-03-10T11:39:09,86.04651,100,51.162792,60.930233,55.949542,-3.192755
2017-03-10T11:39:10,90.23256,100,51.627907,62.32558,,
2017-03-10T11:39:11,86.04651,100,52.55814,62.32558,,
2017-03-10T11:39:12,84.18604,100,53.023254,60.930233,,
2017-03-10T11:39:13,81.39535,100,68.83721,63.255814,,
2017-03-10T11:39:14,100,100,70.23256,72.09302,,
2017-03-10T11:39:15,100,100,70.69768,68.83721,55.949403,-3.192737
2017-03-10T11:39:16,100,100,71.62791,66.976746,,
2017-03-10T11:39:17,100,100,71.62791,60,,
2017-03-10T11:39:18,100,100,72.09302,58.604652,,
2017-03-10T11:39:19,100,100,72.558136,52.09302,,
2017-03-10T11:39:20,100,100,57.67442,48.837208,,
2017-03-10T11:39:21,80.93024,100,58.139534,51.162792,,
2017-03-10T11:39:22,77.67442,100,58.139534,51.162792,,
2017-03-10T11:39:23,92.558136,100,58.604652,51.162792,,
2017-03-10T11:39:24,100,100,59.069767,51.162792,55.949446,-3.193085
2017-03-10T11:39:25,100,100,59.069767,51.162792,,
2017-03-10T11:39:26,97.209305,100,59.53488,51.162792,,
2017-03-10T11:39:27,94.88372,100,59.53488,51.162792,,
2017-03-10T11:39:28,97.674416,100,59.53488,51.162792,55.949672,-3.192618
2017-03-10T11:39:29,95.34884,100,60,51.162792,,
2017-03-10T11:39:30,91.16279,100,60,51.162792,,
2017-03-10T11:39:31,89.76744,100,60.465115,51.162792,,
2017-03-10T11:39:32,91.16279,100,60.465115,51.162792,,
2017-03-10T11:39:33,97.674416,100,60.465115,51.162792,,
2017-03-10T11:39:34,98.139534,100,60.465115,51.162792,,
2017-03-10T11:39:35,93.023254,100,60.930233,51.162792,,
2017-03-10T11:39:36,86.976746,100,60.930233,51.162792,,
2017-03-10T11:39:37,84.18604,100,60.930233,51.162792,,
2017-03-10T11:39:38,82.32558,100,60.930233,51.162792,,
2017-03-10T11:39:39,80.93024,100,60.930233,51.162792,55.949464,-3.192404
2017-03-10T11:39:40,81.39535,100,60.930233,51.162792,,
2017-03-10T11:39:41,80.93024,100,60.930233,51.162792,55.949410,-3.192282
2017-03-10T11:39:42,81.860466,100,60.930233,51.162792,,
2017-03-10T11:39:43,82.790695,100,60.930233,51.162792,,
2017-03-10T11:39:44,81.860466,100,60.930233,51.162792,,
2017-03-10T11:39:45,82.32558,100,60.930233,51.162792,,
2017-03-10T11:39:46,86.04651,100,60.930233,51.162792,,
2017-03-10T11:39:47,86.04651,100,60.465115,51.162792,,
2017-03-10T11:39:48,82.790695,100,60.465115,51.162792,,
2017-03-10T11:39:49,82.790695,100,60.465115,51.162792,,
2017-03-10T11:39:50,85.5814,100,60.465115,51.162792,,
2017-03-10T11:39:51,86.04651,100,60.465115,51.162792,,
2017-03-10T11:39:52,84.18604,100,60.465115,51.162792,,
2017-03-10T11:39:53,82.32558,100,60.465115,51.162792,,
2017-03-10T11:39:54,83.25581,100,60.465115,51.162792,55.949953,-3.192343
2017-03-10T11:39:55,88.37209,100,60.465115,51.162792,,
2017-03-10T11:39:56,91.16279,100,60.465115,51.162792,,
2017-03-10T11:39:57,92.093025,100,60.465115,51.162792,,
2017-03-10T11:39:58,93.95349,100,60.465115,51.162792,,
2017-03-10T11:39:59,92.558136,100,60.465115,51.162792,,
2017-03-10T11:40:00,88.83721,100,60,51.162792,,
2017-03-10T11:40:01,86.976746,100,60,51.162792,55.949465,-3.192403
2017-03-10T11:40:02,89.30232,100,60,51.162792,,
2017-03-10T11:40:03,89.76744,100,60,51.162792,,
2017-03-10T11:40:04,88.37209,100,60,51.162792,,
2017-03-10T11:40:05,91.16279,100,60,51.162792,,
2017-03-10T11:40:06,89.76744,100,60,51.162792,,
2017-03-10T11:40:07,86.976746,100,60,51.162792,,
2017-03-10T11:40:08,86.976746,100,60,51.162792,,
2017-03-10T11:40:09,91.62791,100,60,51.162792,55.950347,-3.191723
2017-03-10T11:40:10,100,100,60,51.162792,,
2017-03-10T11:40:11,100,100,60,51.162792,,
2017-03-10T11:40:12,100,100,60,51.162792,,
2017-03-10T11:40:13,100,100,60,51.162792,,
2017-03-10T11:40:14,100,100,60,51.162792,,
2017-03-10T11:40:15,100,100,59.53488,51.162792,,
2017-03-10T11:40:16,100,100,59.53488,51.162792,,
2017-03-10T11:40:17,97.674416,100,59.53488,51.162792,,
2017-03-10T11:40:18,99.06977,100,59.53488,51.162792,55.949898,-3.191852
2017-03-10T11:40:19,96.74419,100,59.53488,51.162792,,
2017-03-10T11:40:20,97.209305,100,59.53488,51.162792,,
2017-03-10T11:40:21,99.06977,100,59.53488,51.162792,,
2017-03-10T11:40:22,100,100,59.53488,51.162792,,
2017-03-10T11:40:23,100,100,59.53488,51.162792,,
2017-03-10T11:40:24,100,100,59.53488,51.162792,55.949823,-3.191991
2017-03-10T11:40:25,100,100,59.53488,51.162792,,
2017-03-10T11:40:26,100,100,59.53488,51.162792,,
2017-03-10T11:40:27,100,100,59.53488,51.162792,,
2017-03-10T11:40:28,100,100,59.53488,51.162792,,
2017-03-10T11:40:29,100,100,59.53488,51.162792,,
2017-03-10T11:40:30,100,100,59.53488,51.162792,,
2017-03-10T11:40:31,100,100,59.53488,51.162792,,
2017-03-10T11:40:32,100,100,59.53488,51.162792,,
2017-03-10T11:40:33,100,100,59.53488,51.162792,,
2017-03-10T11:40:34,100,100,59.53488,51.162792,55.950040,-3.191630
2017-03-10T11:40:35,100,100,59.53488,51.162792,,
2017-03-10T11:40:36,100,100,59.53488,51.162792,,
2017-03-10T11:40:37,100,100,59.53488,51.162792,,
2017-03-10T11:40:38,100,100,59.53488,51.162792,,
2017-03-10T11:40:39,100,100,59.53488,51.162792,55.949907,-3.192115
2017-03-10T11:40:40,100,100,59.53488,51.162792,,
2017-03-10T11:40:41,100,100,59.53488,51.162792,,
2017-03-10T11:40:42,100,100,59.53488,51.162792,,
2017-03-10T11:40:43,100,100,59.53488,51.162792,,
2017-03-10T11:40:44,100,100,59.53488,51.162792,,
2017-03-10T11:40:45,100,100,59.53488,51.162792,,
2017-03-10T11:40:46,100,100,59.53488,51.162792,,
2017-03-10T11:40:47,100,100,59.53488,51.162792,,
2017-03-10T11:40:48,100,100,59.53488,51.162792,,
2017-03-10T11:40:49,100,100,59.53488,51.162792,55.949967,-3.191942
2017-03-10T11:40:50,100,100,59.53488,51.162792,,
2017-03-10T11:40:51,100,100,59.53488,51.162792,,
2017-03-10T11:40:52,100,100,59.53488,51.162792,,
2017-03-10T11:40:53,95.34884,100,59.53488,51.162792,,
2017-03-10T11:40:54,91.62791,100,59.53488,51.162792,55.949907,-3.192115
2017-03-10T11:40:55,88.37209,100,59.53488,51.162792,,
2017-03-10T11:40:56,88.83721,100,59.53488,51.162792,,
2017-03-10T11:40:57,93.023254,100,59.53488,51.162792,,
2017-03-10T11:40:58,100,100,59.53488,51.162792,,
2017-03-10T11:40:59,100,100,59.53488,51.162792,,
2017-03-10T11:41:00,100,100,59.53488,51.162792,,
2017-03-10T11:41:01,97.674416,100,59.53488,51.162792,,
2017-03-10T11:41:02,93.023254,100,59.53488,51.162792,,
2017-03-10T11:41:03,88.37209,100,59.53488,51.162792,,
2017-03-10T11:41:04,89.76744,100,59.53488,51.162792,,
2017-03-10T11:41:05,88.83721,100,59.53488,51.162792,,
2017-03-10T11:41:06,87.906975,100,59.53488,51.162792,55.949810,-3.191965
2017-03-10T11:41:07,88.83721,100,59.53488,51.162792,,
2017-03-10T11:41:08,86.976746,100,59.53488,51.162792,,
2017-03-10T11:41:09,84.65116,100,59.53488,51.162792,55.949901,-3.192342
2017-03-10T11:41:10,84.18604,100,59.53488,51.162792,,
2017-03-10T11:41:11,83.25581,100,59.53488,51.162792,,
2017-03-10T11:41:12,80.93024,100,59.53488,51.162792,,
2017-03-10T11:41:13,81.860466,100,59.53488,51.162792,,
2017-03-10T11:41:14,80,100,59.53488,51.162792,,
2017-03-10T11:41:15,80.46512,100,59.53488,51.162792,,
2017-03-10T11:41:16,82.790695,100,59.53488,51.162792,,
2017-03-10T11:41:17,85.5814,100,59.53488,51.162792,,
2017-03-10T11:41:18,90.23256,100,59.53488,51.162792,,
2017-03-10T11:41:19,95.34884,100,59.53488,51.162792,,
2017-03-10T11:41:20,96.74419,100,59.53488,51.162792,,
2017-03-10T11:41:21,97.209305,100,59.53488,51.162792,,
2017-03-10T11:41:22,97.209305,100,59.53488,51.162792,55.949985,-3.191888
2017-03-10T11:41:23,96.74419,100,59.53488,51.162792,55.950114,-3.192539
2017-03-10T11:41:24,95.81395,100,59.53488,51.162792,,
2017-03-10T11:41:25,94.88372,100,59.53488,51.162792,,
2017-03-10T11:41:26,96.27907,100,59.53488,51.162792,,
2017-03-10T11:41:27,97.209305,100,59.53488,51.162792,,
2017-03-10T11:41:28,98.139534,100,59.53488,51.162792,,
2017-03-10T11:41:29,96.74419,100,59.53488,51.162792,,
2017-03-10T11:41:30,95.81395,100,59.53488,51.162792,,
2017-03-10T11:41:31,99.53488,100,59.53488,51.162792,,
2017-03-10T11:41:32,97.674416,100,59.53488,51.162792,,
2017-03-10T11:41:33,94.4186,100,59.53488,51.162792,,
2017-03-10T11:41:34,92.093025,100,59.53488,51.162792,,
2017-03-10T11:41:35,90.69768,100,59.53488,51.162792,,
2017-03-10T11:41:36,91.16279,100,59.53488,51.162792,,
2017-03-10T11:41:37,88.37209,100,59.53488,51.162792,,
2017-03-10T11:41:38,86.976746,100,59.53488,51.162792,55.949998,-3.191832
2017-03-10T11:41:39,86.51163,100,59.53488,51.162792,,
2017-03-10T11:41:40,87.906975,100,59.53488,51.162792,,
2017-03-10T11:41:41,91.62791,100,59.53488,51.162792,,
2017-03-10T11:41:42,95.34884,100,59.53488,51.162792,,
2017-03-10T11:41:43,94.88372,100,59.53488,51.162792,,
2017-03-10T11:41:44,90.69768,100,59.53488,51.162792,,
2017-03-10T11:41:45,92.558136,100,59.53488,51.162792,,
2017-03-10T11:41:46,95.81395,100,59.53488,51.162792,,
2017-03-10T11:41:47,97.209305,100,59.53488,51.162792,,
2017-03-10T11:41:48,95.81395,100,59.53488,51.162792,,
2017-03-10T11:41:49,93.95349,100,59.53488,51.162792,55.950115,-3.191858
2017-03-10T11:41:50,92.093025,100,59.53488,51.162792,,
2017-03-10T11:41:51,87.906975,100,59.53488,51.162792,,
2017-03-10T11:41:52,86.976746,100,59.53488,51.162792,,
2017-03-10T11:41:53,90.69768,100,59.53488,51.162792,55.950263,-3.191816
2017-03-10T11:41:54,93.95349,100,59.53488,51.162792,,
2017-03-10T11:41:55,95.34884,100,59.53488,51.162792,,
2017-03-10T11:41:56,95.34884,100,59.53488,51.162792,,
2017-03-10T11:41:57,93.023254,100,59.53488,51.162792,,
2017-03-10T11:41:58,88.83721,100,59.53488,51.162792,,
2017-03-10T11:41:59,81.39535,100,59.53488,51.162792,,
2017-03-10T11:42:00,77.67442,100,59.53488,51.162792,,
2017-03-10T11:42:01,75.81395,100,59.53488,51.162792,,
2017-03-10T11:42:02,73.95349,100,59.53488,51.162792,,
2017-03-10T11:42:03,73.023254,100,59.53488,51.162792,,
2017-03-10T11:42:04,73.48837,100,59.53488,51.162792,,
2017-03-10T11:42:05,72.558136,100,59.53488,51.162792,,
2017-03-10T11:42:06,73.95349,100,59.53488,51.162792,,
2017-03-10T11:42:07,72.558136,100,59.53488,51.162792,55.950253,-3.191858
2017-03-10T11:42:08,72.558136,100,59.53488,51.162792,,
2017-03-10T11:42:09,73.023254,100,59.53488,51.162792,55.950221,-3.191754
2017-03-10T11:42:10,72.09302,100,59.53488,51.162792,,
2017-03-10T11:42:11,73.95349,100,59.53488,51.162792,,
2017-03-10T11:42:12,76.74419,100,59.53488,51.162792,,
2017-03-10T11:42:13,76.27907,100,59.53488,51.162792,,
2017-03-10T11:42:14,73.48837,100,59.53488,51.162792,,
2017-03-10T11:42:15,71.62791,100,59.53488,51.162792,,
2017-03-10T11:42:16,71.62791,100,59.53488,51.162792,,
2017-03-10T11:42:17,72.09302,100,59.53488,51.162792,,
2017-03-10T11:42:18,72.09302,100,59.53488,51.162792,,
2017-03-10T11:42:19,72.558136,100,59.53488,51.162792,,
2017-03-10T11:42:20,72.558136,100,59.53488,51.162792,,
2017-03-10T11:42:21,74.88372,100,59.53488,51.162792,,
2017-03-10T11:42:22,74.88372,100,59.53488,51.162792,,
2017-03-10T11:42:23,73.023254,100,59.53488,51.162792,,
2017-03-10T11:42:24,72.558136,100,59.53488,51.162792,55.950227,-3.191527
2017-03-10T11:42:25,73.023254,100,59.53488,51.162792,,
2017-03-10T11:42:26,72.558136,100,59.53488,51.162792,55.950048,-3.191370
2017-03-10T11:42:27,72.558136,100,59.53488,51.162792,,
2017-03-10T11:42:28,73.023254,100,59.53488,51.162792,,
2017-03-10T11:42:29,74.88372,100,59.53488,51.162792,,
2017-03-10T11:42:30,76.74419,100,59.53488,51.162792,,
2017-03-10T11:42:31,80.46512,100,59.53488,51.162792,,
2017-03-10T11:42:32,79.53488,100,59.53488,51.162792,,
2017-03-10T11:42:33,79.06976,100,59.53488,51.162792,,
2017-03-10T11:42:34,78.60465,100,59.53488,51.162792,,
2017-03-10T11:42:35,79.53488,100,59.53488,51.162792,,
2017-03-10T11:42:36,80.46512,100,59.53488,51.162792,,
2017-03-10T11:42:37,80,100,59.53488,51.162792,,
2017-03-10T11:42:38,81.860466,100,59.53488,51.162792,,
2017-03-10T11:42:39,80.46512,100,59.53488,51.162792,55.950185,-3.191465
2017-03-10T11:42:40,76.27907,100,59.53488,51.162792,,
2017-03-10T11:42:41,75.81395,100,59.53488,51.162792,,
2017-03-10T11:42:42,77.67442,100,59.53488,51.162792,,
2017-03-10T11:42:43,76.27907,100,59.53488,51.162792,55.949710,-3.190975
2017-03-10T11:42:44,78.60465,100,59.53488,51.162792,,
2017-03-10T11:42:45,81.860466,100,59.53488,51.162792,,
2017-03-10T11:42:46,83.25581,100,59.53488,51.162792,,
2017-03-10T11:42:47,85.11628,100,59.53488,51.162792,,
2017-03-10T11:42:48,85.11628,100,59.53488,51.162792,,
2017-03-10T11:42:49,84.65116,100,59.53488,51.162792,,
2017-03-10T11:42:50,84.65116,100,59.53488,51.162792,,
2017-03-10T11:42:51,84.18604,100,59.53488,51.162792,,
2017-03-10T11:42:52,82.32558,100,59.53488,51.162792,,
2017-03-10T11:42:53,82.32558,100,59.53488,51.162792,,
2017-03-10T11:42:54,82.32558,100,59.53488,51.162792,55.950098,-3.191455
2017-03-10T11:42:55,87.906975,100,59.53488,51.162792,,
2017-03-10T11:42:56,91.62791,100,59.53488,51.162792,,
2017-03-10T11:42:57,89.30232,100,59.53488,51.162792,,
2017-03-10T11:42:58,85.11628,100,59.53488,51.162792,,
2017-03-10T11:42:59,80.93024,100,59.53488,51.162792,,
2017-03-10T11:43:00,79.53488,100,59.53488,51.162792,,
2017-03-10T11:43:01,80,100,59.53488,51.162792,,
2017-03-10T11:43:02,80,100,59.53488,51.162792,55.949698,-3.191783
2017-03-10T11:43:03,82.32558,100,59.53488,51.162792,,
2017-03-10T11:43:04,81.39535,100,59.53488,51.162792,,
2017-03-10T11:43:05,80,100,59.53488,51.162792,,
2017-03-10T11:43:06,80,100,59.53488,51.162792,,
2017-03-10T11:43:07,78.139534,100,59.53488,51.162792,,
2017-03-10T11:43:08,75.34884,100,59.53488,51.162792,,
2017-03-10T11:43:09,76.27907,100,59.53488,51.162792,,
2017-03-10T11:43:10,75.34884,100,59.53488,51.162792,,
2017-03-10T11:43:11,73.023254,100,59.53488,51.162792,,
2017-03-10T11:43:12,70.69768,100,59.53488,51.162792,,
2017-03-10T11:43:13,70.69768,100,59.53488,51.162792,,
2017-03-10T11:43:14,73.023254,100,59.53488,51.162792,,
2017-03-10T11:43:15,75.81395,100,59.53488,51.162792,,
2017-03-10T11:43:16,77.67442,100,59.53488,51.162792,,
2017-03-10T11:43:17,75.81395,100,59.53488,51.162792,,
2017-03-10T11:43:18,73.95349,100,59.53488,51.162792,,
2017-03-10T11:43:19,74.4186,100,59.53488,51.162792,,
2017-03-10T11:43:20,76.74419,100,59.53488,51.162792,,
2017-03-10T11:43:21,79.53488,100,59.53488,51.162792,,
2017-03-10T11:43:22,81.860466,100,59.53488,51.162792,55.950240,-3.191302
2017-03-10T11:43:23,80.93024,100,59.53488,51.162792,,
2017-03-10T11:43:24,77.209305,100,59.53488,51.162792,,
2017-03-10T11:43:25,78.139534,100,59.53488,51.162792,,
2017-03-10T11:43:26,82.32558,100,59.53488,51.162792,,
2017-03-10T11:43:27,88.83721,100,59.53488,51.162792,,
2017-03-10T11:43:28,92.093025,100,59.53488,51.162792,55.949760,-3.191072
2017-03-10T11:43:29,93.95349,100,59.53488,51.162792,,
2017-03-10T11:43:30,94.4186,100,59.53488,51.162792,,
2017-03-10T11:43:31,98.139534,100,59.53488,51.162792,,
2017-03-10T11:43:32,99.53488,100,59.53488,51.162792,,
2017-03-10T11:43:33,98.139534,100,59.53488,51.162792,,
2017-03-10T11:43:34,94.88372,100,59.53488,51.162792,,
2017-03-10T11:43:35,93.023254,100,59.53488,51.162792,,
2017-03-10T11:43:36,91.16279,100,59.53488,51.162792,55.949657,-3.190878
2017-03-10T11:43:37,90.23256,100,59.53488,51.162792,,
2017-03-10T11:43:38,92.093025,100,59.53488,51.162792,,
2017-03-10T11:43:39,93.48837,100,59.53488,51.162792,55.949760,-3.191072
2017-03-10T11:43:40,94.4186,100,59.53488,51.162792,,
2017-03-10T11:43:41,96.74419,100,59.53488,51.162792,,
2017-03-10T11:43:42,98.139534,100,59.53488,51.162792,,
2017-03-10T11:43:43,100,100,59.53488,51.162792,,
2017-03-10T11:43:44,100,100,59.53488,51.162792,,
2017-03-10T11:43:45,100,100,59.53488,51.162792,,
2017-03-10T11:43:46,100,100,59.53488,51.162792,,
2017-03-10T11:43:47,100,100,59.53488,51.162792,,
2017-03-10T11:43:48,98.60465,100,59.53488,51.162792,,
2017-03-10T11:43:49,99.53488,100,59.53488,51.162792,,
2017-03-10T11:43:50,100,100,59.53488,51.162792,55.949688,-3.190748
2017-03-10T11:43:51,100,100,59.53488,51.162792,,
2017-03-10T11:43:52,100,100,59.53488,51.162792,,
2017-03-10T11:43:53,100,100,59.53488,51.162792,,
2017-03-10T11:43:54,100,100,59.53488,51.162792,55.949769,-3.190732
2017-03-10T11:43:55,100,100,59.53488,51.162792,,
2017-03-10T11:43:56,100,100,59.53488,51.162792,,
2017-03-10T11:43:57,100,100,59.53488,51.162792,,
2017-03-10T11:43:58,100,100,59.53488,51.162792,,
2017-03-10T11:43:59,100,100,59.53488,51.162792,,
2017-03-10T11:44:00,100,100,59.53488,51.162792,,
2017-03-10T11:44:01,100,100,59.53488,51.162792,,
2017-03-10T11:44:02,100,100,59.53488,51.162792,,
2017-03-10T11:44:03,96.74419,100,59.53488,51.162792,55.949677,-3.190482
2017-03-10T11:44:04,96.27907,100,59.53488,51.162792,,
2017-03-10T11:44:05,100,100,59.53488,51.162792,,
2017-03-10T11:44:06,100,100,59.53488,51.162792,,
2017-03-10T11:44:07,100,100,59.53488,51.162792,,
2017-03-10T11:44:08,100,100,59.53488,51.162792,,
2017-03-10T11:44:09,100,100,59.53488,51.162792,55.949772,-3.190618
2017-03-10T11:44:10,100,100,59.53488,51.162792,,
2017-03-10T11:44:11,100,100,59.53488,51.162792,,
2017-03-10T11:44:12,100,100,59.53488,51.162792,,
2017-03-10T11:44:13,100,100,59.53488,51.162792,,
2017-03-10T11:44:14,100,100,59.53488,51.162792,,
2017-03-10T11:44:15,100,100,59.53488,51.162792,,
2017-03-10T11:44:16,100,100,59.53488,51.162792,,
2017-03-10T11:44:17,99.06977,100,59.53488,51.162792,,
2017-03-10T11:44:18,94.4186,100,59.53488,51.162792,,
2017-03-10T11:44:19,95.34884,100,59.53488,51.162792,55.949698,-3.190290
